device,device_name,width,height,scope,material,motion,samples,gpu_median_ms,gpu_p95_ms,gpu_p99_ms,gpu_max_ms,first_use_gpu_median_ms,first_use_capture_median_ms,cpu_render_median_ms,cpu_completion_median_ms,warm_retries,active_owned_mib,idle_owned_mib,peak_owned_mib,cadence_reference_ms,samples_above_reference,gpu_p95_run_min_ms,gpu_p95_run_max_ms,device_sha256,summary
discrete,AMD Radeon RX 9070 XT (RADV GFX1201),1920,1080,current output,clear_light_tinted,lens,595,0.25392,0.36060399999999987,0.3816903999999997,0.39536,0.30384,0.02104,0.221394,0.307476,0,47.54498291015625,8.4375,47.58610534667969,4.171,0,0.359144,0.36418,24bfa725f0f5983dfda84a70a3fcfe193c9edd0e24c58ad50d2322d9095e6012,/tmp/walle-work/benchmark-final/results/discrete/1920x1080_clear_light_tinted_lens.summary.json
discrete,AMD Radeon RX 9070 XT (RADV GFX1201),1920,1080,current output,clear_light_tinted,sweep,595,0.23472,0.359572,0.36874719999999994,0.37348,0.26756,0.0208,0.210874,0.290664,0,47.53581237792969,8.4375,47.569061279296875,4.171,0,0.359148,0.359964,24bfa725f0f5983dfda84a70a3fcfe193c9edd0e24c58ad50d2322d9095e6012,/tmp/walle-work/benchmark-final/results/discrete/1920x1080_clear_light_tinted_sweep.summary.json
discrete,AMD Radeon RX 9070 XT (RADV GFX1201),1920,1080,current output,clear_light_untinted,lens,595,0.16564,0.26492,0.2733208,0.28304,0.19848,0.0212,0.146685,0.211305,0,30.663558959960938,8.4375,33.22265625,4.171,0,0.257804,0.266936,24bfa725f0f5983dfda84a70a3fcfe193c9edd0e24c58ad50d2322d9095e6012,/tmp/walle-work/benchmark-final/results/discrete/1920x1080_clear_light_untinted_lens.summary.json
discrete,AMD Radeon RX 9070 XT (RADV GFX1201),1920,1080,current output,clear_light_untinted,sweep,595,0.15604,0.255932,0.26196079999999994,0.27228,0.18132,0.02092,0.138188,0.206126,0,30.657028198242188,8.4375,33.22265625,4.171,0,0.254412,0.257168,24bfa725f0f5983dfda84a70a3fcfe193c9edd0e24c58ad50d2322d9095e6012,/tmp/walle-work/benchmark-final/results/discrete/1920x1080_clear_light_untinted_sweep.summary.json
discrete,AMD Radeon RX 9070 XT (RADV GFX1201),1920,1080,current output,regular_dark_untinted,lens,595,0.18676,0.288312,0.2954935999999999,0.31188,0.2312,0.02836,0.145853,0.233808,0,27.581527709960938,8.4375,33.22265625,4.171,0,0.28113599999999994,0.290288,24bfa725f0f5983dfda84a70a3fcfe193c9edd0e24c58ad50d2322d9095e6012,/tmp/walle-work/benchmark-final/results/discrete/1920x1080_regular_dark_untinted_lens.summary.json
discrete,AMD Radeon RX 9070 XT (RADV GFX1201),1920,1080,current output,regular_dark_untinted,sweep,595,0.17304,0.27976,0.28981759999999995,0.29564,0.205,0.02864,0.136746,0.220282,0,27.574996948242188,8.4375,33.22265625,4.171,0,0.278892,0.280008,24bfa725f0f5983dfda84a70a3fcfe193c9edd0e24c58ad50d2322d9095e6012,/tmp/walle-work/benchmark-final/results/discrete/1920x1080_regular_dark_untinted_sweep.summary.json
discrete,AMD Radeon RX 9070 XT (RADV GFX1201),2560,2880,current output,clear_light_tinted,lens,595,0.5658,0.938416,0.9560319999999998,0.98176,0.79896,0.0406,0.233537,0.616694,0,160.72857666015625,28.75,160.7696990966797,16.676,0,0.926624,0.945624,24bfa725f0f5983dfda84a70a3fcfe193c9edd0e24c58ad50d2322d9095e6012,/tmp/walle-work/benchmark-final/results/discrete/2560x2880_clear_light_tinted_lens.summary.json
discrete,AMD Radeon RX 9070 XT (RADV GFX1201),2560,2880,current output,clear_light_tinted,sweep,595,0.5624,0.899452,0.9297472,0.9586,0.768,0.04056,0.21393,0.614951,0,160.7194061279297,28.75,160.75265502929688,16.676,0,0.8566439999999999,0.907672,24bfa725f0f5983dfda84a70a3fcfe193c9edd0e24c58ad50d2322d9095e6012,/tmp/walle-work/benchmark-final/results/discrete/2560x2880_clear_light_tinted_sweep.summary.json
discrete,AMD Radeon RX 9070 XT (RADV GFX1201),2560,2880,current output,clear_light_untinted,lens,595,0.44748,0.743676,0.7773695999999999,0.80364,0.53004,0.04056,0.156883,0.49726,0,103.22215270996094,28.75,114.375,16.676,0,0.731532,0.757268,24bfa725f0f5983dfda84a70a3fcfe193c9edd0e24c58ad50d2322d9095e6012,/tmp/walle-work/benchmark-final/results/discrete/2560x2880_clear_light_untinted_lens.summary.json
discrete,AMD Radeon RX 9070 XT (RADV GFX1201),2560,2880,current output,clear_light_untinted,sweep,595,0.42184,0.708024,0.7768343999999999,0.78632,0.50992,0.04064,0.137187,0.476833,0,103.21562194824219,28.75,114.375,16.676,0,0.64594,0.773456,24bfa725f0f5983dfda84a70a3fcfe193c9edd0e24c58ad50d2322d9095e6012,/tmp/walle-work/benchmark-final/results/discrete/2560x2880_clear_light_untinted_sweep.summary.json
discrete,AMD Radeon RX 9070 XT (RADV GFX1201),2560,2880,current output,regular_dark_untinted,lens,595,0.45276,0.731572,0.8172903999999999,0.84088,0.58064,0.04148,0.159218,0.508221,0,91.67527770996094,28.75,114.375,16.676,0,0.7109999999999999,0.7392119999999998,24bfa725f0f5983dfda84a70a3fcfe193c9edd0e24c58ad50d2322d9095e6012,/tmp/walle-work/benchmark-final/results/discrete/2560x2880_regular_dark_untinted_lens.summary.json
discrete,AMD Radeon RX 9070 XT (RADV GFX1201),2560,2880,current output,regular_dark_untinted,sweep,595,0.44592,0.701328,0.7988031999999999,0.81556,0.5598,0.04124,0.139531,0.49701,0,91.66874694824219,28.75,114.375,16.676,0,0.6861,0.71074,24bfa725f0f5983dfda84a70a3fcfe193c9edd0e24c58ad50d2322d9095e6012,/tmp/walle-work/benchmark-final/results/discrete/2560x2880_regular_dark_untinted_sweep.summary.json
discrete,AMD Radeon RX 9070 XT (RADV GFX1201),5120,2880,5K stress,clear_light_tinted,lens,595,1.0062,1.3056639999999997,1.4167592,1.44156,1.5074,0.07188,0.307897,1.061286,0,320.96295166015625,57.5,321.0040588378906,16.667,0,1.274896,1.314672,24bfa725f0f5983dfda84a70a3fcfe193c9edd0e24c58ad50d2322d9095e6012,/tmp/walle-work/benchmark-final/results/discrete/5120x2880_clear_light_tinted_lens.summary.json
discrete,AMD Radeon RX 9070 XT (RADV GFX1201),5120,2880,5K stress,clear_light_tinted,sweep,595,0.9116,1.145252,1.1797247999999996,1.21036,1.39456,0.07216,0.212858,0.979383,0,320.9537811279297,57.5,320.9870300292969,16.667,0,1.141304,1.149276,24bfa725f0f5983dfda84a70a3fcfe193c9edd0e24c58ad50d2322d9095e6012,/tmp/walle-work/benchmark-final/results/discrete/5120x2880_clear_light_tinted_sweep.summary.json
discrete,AMD Radeon RX 9070 XT (RADV GFX1201),5120,2880,5K stress,clear_light_untinted,lens,595,0.7282,1.0299999999999998,1.1052872,1.12968,0.99392,0.07132,0.189515,0.777986,0,205.95652770996094,57.5,228.75,16.667,0,1.0141719999999999,1.047316,24bfa725f0f5983dfda84a70a3fcfe193c9edd0e24c58ad50d2322d9095e6012,/tmp/walle-work/benchmark-final/results/discrete/5120x2880_clear_light_untinted_lens.summary.json
discrete,AMD Radeon RX 9070 XT (RADV GFX1201),5120,2880,5K stress,clear_light_untinted,sweep,595,0.688,0.9145679999999997,0.9867407999999999,1.00488,0.92148,0.07208,0.140243,0.738843,0,205.9499969482422,57.5,228.75,16.667,0,0.865856,0.9319919999999999,24bfa725f0f5983dfda84a70a3fcfe193c9edd0e24c58ad50d2322d9095e6012,/tmp/walle-work/benchmark-final/results/discrete/5120x2880_clear_light_untinted_sweep.summary.json
discrete,AMD Radeon RX 9070 XT (RADV GFX1201),5120,2880,5K stress,regular_dark_untinted,lens,595,0.7886,1.0976999999999997,1.1730432,4.17696,1.08344,0.05712,0.191228,0.83349,0,182.72996520996094,57.5,228.75,16.667,0,1.038868,1.139524,24bfa725f0f5983dfda84a70a3fcfe193c9edd0e24c58ad50d2322d9095e6012,/tmp/walle-work/benchmark-final/results/discrete/5120x2880_regular_dark_untinted_lens.summary.json
discrete,AMD Radeon RX 9070 XT (RADV GFX1201),5120,2880,5K stress,regular_dark_untinted,sweep,595,0.7312,0.9538599999999999,1.0240391999999996,1.05808,0.99188,0.05552,0.139712,0.782775,0,182.7234344482422,57.5,228.75,16.667,0,0.9262199999999999,0.9643319999999999,24bfa725f0f5983dfda84a70a3fcfe193c9edd0e24c58ad50d2322d9095e6012,/tmp/walle-work/benchmark-final/results/discrete/5120x2880_regular_dark_untinted_sweep.summary.json
integrated,AMD Ryzen 9 9950X3D 16-Core Processor (RADV RAPHAEL_MENDOCINO),1920,1080,current output,clear_light_tinted,lens,595,6.80452,9.535736,10.387016,10.74872,7.76748,0.424,0.268572,6.898801,0,48.13873291015625,8.484375,48.17985534667969,4.171,375,9.526452,9.582088,15fa07b72b4f39886a17b7466daa3106a1d07a5e5b12d22d646f91ec61d0f2c1,/tmp/walle-work/benchmark-final/results/integrated/1920x1080_clear_light_tinted_lens.summary.json
integrated,AMD Ryzen 9 9950X3D 16-Core Processor (RADV RAPHAEL_MENDOCINO),1920,1080,current output,clear_light_tinted,sweep,595,6.21064,9.752899999999999,10.104483199999999,10.49388,6.60712,0.42084,0.260348,6.301284,0,48.12956237792969,8.484375,48.162811279296875,4.171,398,9.659552,9.935784,15fa07b72b4f39886a17b7466daa3106a1d07a5e5b12d22d646f91ec61d0f2c1,/tmp/walle-work/benchmark-final/results/integrated/1920x1080_clear_light_tinted_sweep.summary.json
integrated,AMD Ryzen 9 9950X3D 16-Core Processor (RADV RAPHAEL_MENDOCINO),1920,1080,current output,clear_light_untinted,lens,595,4.3834,6.59614,7.0858495999999995,7.10128,5.053,0.42284,0.185417,4.439548,0,31.163558959960938,8.484375,33.26953125,4.171,305,6.593276,6.597276,15fa07b72b4f39886a17b7466daa3106a1d07a5e5b12d22d646f91ec61d0f2c1,/tmp/walle-work/benchmark-final/results/integrated/1920x1080_clear_light_untinted_lens.summary.json
integrated,AMD Ryzen 9 9950X3D 16-Core Processor (RADV RAPHAEL_MENDOCINO),1920,1080,current output,clear_light_untinted,sweep,595,3.91308,6.614768,7.0349023999999964,7.33112,4.37096,0.42476,0.169387,3.997482,0,31.157028198242188,8.484375,33.26953125,4.171,282,6.589336,7.003283999999999,15fa07b72b4f39886a17b7466daa3106a1d07a5e5b12d22d646f91ec61d0f2c1,/tmp/walle-work/benchmark-final/results/integrated/1920x1080_clear_light_untinted_sweep.summary.json
integrated,AMD Ryzen 9 9950X3D 16-Core Processor (RADV RAPHAEL_MENDOCINO),1920,1080,current output,regular_dark_untinted,lens,595,5.01496,7.44166,7.8518688,7.92232,5.56308,0.30044,0.204142,5.090968,0,28.022933959960938,8.484375,33.26953125,4.171,330,7.348988,7.552764,15fa07b72b4f39886a17b7466daa3106a1d07a5e5b12d22d646f91ec61d0f2c1,/tmp/walle-work/benchmark-final/results/integrated/1920x1080_regular_dark_untinted_lens.summary.json
integrated,AMD Ryzen 9 9950X3D 16-Core Processor (RADV RAPHAEL_MENDOCINO),1920,1080,current output,regular_dark_untinted,sweep,595,4.3304,7.330812,7.3378856,7.36208,4.62904,0.27012,0.171361,4.404834,0,28.016403198242188,8.484375,33.26953125,4.171,305,7.327768,7.334252,15fa07b72b4f39886a17b7466daa3106a1d07a5e5b12d22d646f91ec61d0f2c1,/tmp/walle-work/benchmark-final/results/integrated/1920x1080_regular_dark_untinted_sweep.summary.json
integrated,AMD Ryzen 9 9950X3D 16-Core Processor (RADV RAPHAEL_MENDOCINO),2560,2880,current output,clear_light_tinted,lens,595,23.29064,36.599072,36.635035200000004,37.10672,24.88904,1.43776,0.346198,23.437885,0,162.18170166015625,28.8671875,162.2228240966797,16.676,350,36.583096,36.615584,15fa07b72b4f39886a17b7466daa3106a1d07a5e5b12d22d646f91ec61d0f2c1,/tmp/walle-work/benchmark-final/results/integrated/2560x2880_clear_light_tinted_lens.summary.json
integrated,AMD Ryzen 9 9950X3D 16-Core Processor (RADV RAPHAEL_MENDOCINO),2560,2880,current output,clear_light_tinted,sweep,595,22.53572,33.608528,33.6272712,33.65996,24.1078,1.43824,0.302306,22.668666,0,162.1725311279297,28.8671875,162.20578002929688,16.676,370,33.59832,33.613132,15fa07b72b4f39886a17b7466daa3106a1d07a5e5b12d22d646f91ec61d0f2c1,/tmp/walle-work/benchmark-final/results/integrated/2560x2880_clear_light_tinted_sweep.summary.json
integrated,AMD Ryzen 9 9950X3D 16-Core Processor (RADV RAPHAEL_MENDOCINO),2560,2880,current output,clear_light_untinted,lens,595,14.98972,24.958972,25.0743272,25.33664,16.5956,1.46864,0.234258,15.093177,0,104.44090270996094,28.8671875,114.4921875,16.676,291,24.94672,25.045652,15fa07b72b4f39886a17b7466daa3106a1d07a5e5b12d22d646f91ec61d0f2c1,/tmp/walle-work/benchmark-final/results/integrated/2560x2880_clear_light_untinted_lens.summary.json
integrated,AMD Ryzen 9 9950X3D 16-Core Processor (RADV RAPHAEL_MENDOCINO),2560,2880,current output,clear_light_untinted,sweep,595,14.38348,23.247288,23.2776984,23.47528,15.94036,1.4294,0.209411,14.466264,0,104.43437194824219,28.8671875,114.4921875,16.676,259,23.226772,23.266816,15fa07b72b4f39886a17b7466daa3106a1d07a5e5b12d22d646f91ec61d0f2c1,/tmp/walle-work/benchmark-final/results/integrated/2560x2880_clear_light_untinted_sweep.summary.json
integrated,AMD Ryzen 9 9950X3D 16-Core Processor (RADV RAPHAEL_MENDOCINO),2560,2880,current output,regular_dark_untinted,lens,595,16.67844,27.611252,27.638708,27.72344,17.68536,0.86936,0.221996,16.784062,0,92.04637145996094,28.8671875,114.4921875,16.676,298,27.601432,27.6164,15fa07b72b4f39886a17b7466daa3106a1d07a5e5b12d22d646f91ec61d0f2c1,/tmp/walle-work/benchmark-final/results/integrated/2560x2880_regular_dark_untinted_lens.summary.json
integrated,AMD Ryzen 9 9950X3D 16-Core Processor (RADV RAPHAEL_MENDOCINO),2560,2880,current output,regular_dark_untinted,sweep,595,15.97576,25.897164,25.926994399999998,26.14592,16.98308,0.87064,0.203681,16.08867,0,92.03984069824219,28.8671875,114.4921875,16.676,287,25.883756,25.907296,15fa07b72b4f39886a17b7466daa3106a1d07a5e5b12d22d646f91ec61d0f2c1,/tmp/walle-work/benchmark-final/results/integrated/2560x2880_regular_dark_untinted_sweep.summary.json
integrated,AMD Ryzen 9 9950X3D 16-Core Processor (RADV RAPHAEL_MENDOCINO),5120,2880,5K stress,clear_light_tinted,lens,595,50.17084,73.043056,73.1416672,73.52724,54.21312,2.9494,0.471523,50.371302,0,323.18170166015625,57.734375,323.2228088378906,16.667,575,73.031436,73.051176,15fa07b72b4f39886a17b7466daa3106a1d07a5e5b12d22d646f91ec61d0f2c1,/tmp/walle-work/benchmark-final/results/integrated/5120x2880_clear_light_tinted_lens.summary.json
integrated,AMD Ryzen 9 9950X3D 16-Core Processor (RADV RAPHAEL_MENDOCINO),5120,2880,5K stress,clear_light_tinted,sweep,595,43.12116,67.157372,67.6286984,68.5558,46.35736,2.94056,0.370374,43.29059,0,323.1725311279297,57.734375,323.2057800292969,16.667,542,67.104796,67.617092,15fa07b72b4f39886a17b7466daa3106a1d07a5e5b12d22d646f91ec61d0f2c1,/tmp/walle-work/benchmark-final/results/integrated/5120x2880_clear_light_tinted_sweep.summary.json
integrated,AMD Ryzen 9 9950X3D 16-Core Processor (RADV RAPHAEL_MENDOCINO),5120,2880,5K stress,clear_light_untinted,lens,595,31.38728,49.844252,49.861956,49.88852,35.4364,3.1792,0.282358,31.551089,0,207.70652770996094,57.734375,228.984375,16.667,385,49.830284,49.848648,15fa07b72b4f39886a17b7466daa3106a1d07a5e5b12d22d646f91ec61d0f2c1,/tmp/walle-work/benchmark-final/results/integrated/5120x2880_clear_light_untinted_lens.summary.json
integrated,AMD Ryzen 9 9950X3D 16-Core Processor (RADV RAPHAEL_MENDOCINO),5120,2880,5K stress,clear_light_untinted,sweep,595,27.39408,46.451072,46.542467200000004,46.73816,31.13571,3.52595,0.223147,27.548919,0,207.6999969482422,57.734375,228.984375,16.667,395,46.43498,46.508364,15fa07b72b4f39886a17b7466daa3106a1d07a5e5b12d22d646f91ec61d0f2c1,/tmp/walle-work/benchmark-final/results/integrated/5120x2880_clear_light_untinted_sweep.summary.json
integrated,AMD Ryzen 9 9950X3D 16-Core Processor (RADV RAPHAEL_MENDOCINO),5120,2880,5K stress,regular_dark_untinted,lens,595,35.00524,55.140176,55.181528799999995,55.26524,37.77003,2.17951,0.294862,35.174431,0,183.48387145996094,57.734375,228.984375,16.667,390,55.130176,55.1489,15fa07b72b4f39886a17b7466daa3106a1d07a5e5b12d22d646f91ec61d0f2c1,/tmp/walle-work/benchmark-final/results/integrated/5120x2880_regular_dark_untinted_lens.summary.json
integrated,AMD Ryzen 9 9950X3D 16-Core Processor (RADV RAPHAEL_MENDOCINO),5120,2880,5K stress,regular_dark_untinted,sweep,595,30.48228,51.757088,51.9639768,52.99856,32.66644,1.95208,0.231703,30.628883,0,183.4773406982422,57.734375,228.984375,16.667,405,51.723804,51.825424,15fa07b72b4f39886a17b7466daa3106a1d07a5e5b12d22d646f91ec61d0f2c1,/tmp/walle-work/benchmark-final/results/integrated/5120x2880_regular_dark_untinted_sweep.summary.json
